{
  "variables":{
    "aws_region":"us-gov-east-1",
    "ami_description":"EKS Kubernetes Worker AMI on RHEL 8 (k8s: {{user `kubernets_version`}})",
    "bin_arch":"amd64",
    "build_version_kubernetes":"7",
    "cni_plugin_version": "v1.3.0",
    "ecr_credential_provider_version":"v0.6.2",
    "flux_ver":"2.0.1",
    "helm_ver":"v3.12.2",
    "iam_auth_ver":"v0.6.9",
    "instance_type": "m5.xlarge",
    "kubectl_ver":"v1.27.3",
    "kubernetes_aws_bin_version":"kubernetes-1-27",
    "kubernetes_version": "1.27.3",
    "kustomize_version": "v5.1.1",
    "root_volume_size": "10",
    "data_volume_size": "50",
    "sha_cni_plugins":"8ae3a93e7f5a3b32188d9eb4b74a229c4397ef7266b924c012a23ff11ce8be59",
    "sha_ecr_credential_provider":"e90859db0a70b62988178606a196659b8a71f26f30ae338ad6f292b3da101908",
    "sha_flux":"43de5586b23b636eba127704e6038c71862766b684df944e2b0eb75d43479ae2",
    "sha_helm":"56d32dc27a784f4d7787d58b48cd223e314af39b922f26767bd0a4911c1a7d5e",
    "sha_iam_auth":"40b7df38dca998dcc54c1498b3cf9dc7536acf18ac480855437c510bdcdbeb52",
    "sha_kubectl":"fba6c062e754a120bc8105cde1344de200452fe014a8759e06e4eec7ed258a09",
    "sha_kubelet":"107f8e06f236861f34697f619216ba5556eb51336cd20aa3e3e6cd24d9d7b27b",
    "sha_kustomize":"3c5d8146e022f051fe5e9ce15ce20dc2619c820fc287718a361fd45b96684539",
    "source_ami_owner":"309956199498",
    "source_ami_owner_govcloud":"219670896067",
    "source_ami_ssh_user":"ec2-user",
    "source_ami_arch":"x86_64",
    "source_ami_name":"RHEL-8*_HVM-*-x86_64-0-Hourly2-GP2",
    "target_ami_name": "amazon-eks-node-{{user `kubernetes_version`}}-rhel8-{{ timestamp }}",
    "volume_type": "gp2"
  },
  "builders":[
    {
      "type":"amazon-ebs",
      "region":"{{user `aws_region`}}",
      "source_ami_filter":{
        "filters":{
          "name":"{{user `source_ami_name`}}",
          "root-device-type":"ebs",
          "state":"available",
          "virtualization-type":"hvm",
          "architecture":"{{user `source_ami_arch`}}"
        },
        "owners":[
          "{{user `source_ami_owner`}}",
          "{{user `source_ami_owner_govcloud`}}"
        ],
        "most_recent":true
      },
      "instance_type":"m5.xlarge",
      "ssh_username":"{{user `source_ami_ssh_user`}}",
      "ssh_pty":true,
      "subnet_id":"{{user `subnet_id`}}",
      "launch_block_device_mappings":[
        {
          "device_name":"/dev/sda1",
          "volume_size": "{{user `root_volume_size`}}",
          "volume_type":"gp2",
          "delete_on_termination":true
        },
        {
          "device_name":"/dev/sdb",
          "volume_size":"{{user `data_volume_size`}}",
          "volume_type":"gp2",
          "delete_on_termination":true
        }
      ],
      "ami_block_device_mappings":[
        {
          "device_name":"/dev/sdb",
          "volume_size":"{{user `data_volume_size`}}",
          "volume_type":"gp2",
          "delete_on_termination":true
        }
      ],
      "aws_polling": {
        "delay_seconds": 30,
        "max_attempts": 90
      },
      "tags":{
        "Name":"{{user `target_ami_name`}}",
        "BuildDate":"{{ isotime }}"
      },
      "ami_name":"{{user `target_ami_name`}}",
      "ami_description":"{{user `ami_description` }}",
      "ami_virtualization_type":"hvm",
      "security_group_ids": [],
      "run_tags":{
        "Name":"packer-{{user `target_ami_name`}}"
      }
    }
  ],
  "provisioners":[
    {
      "type": "shell",
      "inline": [
        "mkdir -p /etc/packer/files",
        "mkdir -p /etc/packer/files/bin",
        "chown -R {{user `source_ami_ssh_user`}}:{{user `source_ami_ssh_user`}} /etc/packer/files"
      ],
      "execute_command":"echo 'packer' | {{.Vars}} sudo -S -E bash -eux '{{.Path}}'"
    },
    {
      "type": "file",
      "source": "./files/bin",
      "destination": "/etc/packer/files/"
    },
    {
      "type": "file",
      "source": "./files/",
      "destination": "/etc/packer/files"
    },
    {
      "type":"shell",
      "scripts": [
        "./scripts/boilerplate.sh"
      ],
      "environment_vars": [
        "ARCH={{user `bin_arch`}}",
        "AWS_KUBELET_VER={{user `kubectl_ver`}}",
        "BUILD_VERSION={{user `build_version_kubernetes`}}",
        "CNI_PLUGIN_VERSION={{user `cni_plugin_version`}}",
        "ECR_CREDENTIAL_PROVIDER_VERSION={{user `ecr_credential_provider_version`}}",
        "FLUX_VER={{user `flux_ver`}}",
        "HELM_VER={{user `helm_ver`}}",
        "IAM_AUTH_VER={{user `iam_auth_ver`}}",
        "KUBECTL_VER={{user `kubectl_ver`}}",
        "KUBERNETES_AWS_BIN_VERSION={{user `kubernetes_aws_bin_version`}}",
        "KUBERNETES_VERSION={{user `kubernetes_version`}}",
        "KUSTOMIZE_VERSION={{user `kustomize_version`}}",
        "SHA_CNI_PLUGINS={{user `sha_cni_plugins`}}",
        "SHA_ECR_CREDENTIAL_PROVIDER={{user `sha_ecr_credential_provider`}}",
        "SHA_FLUX={{user `sha_flux`}}",
        "SHA_IAM_AUTH={{user `sha_iam_auth`}}",
        "SHA_HELM={{user `sha_helm`}}",
        "SHA_KUBECTL={{user `sha_kubectl`}}",
        "SHA_KUBELET={{user `sha_kubelet`}}",
        "SHA_KUSTOMIZE={{user `sha_kustomize`}}"
      ],
      "execute_command":"echo 'packer' | {{.Vars}} sudo -S -E bash -eux '{{.Path}}'",
      "expect_disconnect":true,
      "pause_after":"60s"
    },
    {
      "type":"shell",
      "scripts": [
        "./scripts/RHEL8stigconfig.sh"
      ],
      "execute_command":"echo 'packer-stig-script' | {{.Vars}} sudo sh '{{.Path}}'",
      "pause_after":"60s"
    },
    {
      "type":"shell",
      "scripts": [
        "./scripts/scap-remediation.sh"
      ],
      "execute_command":"echo 'packer-scap-script' | {{.Vars}} sudo bash '{{.Path}}'",
      "pause_after":"60s"
    }
  ],
  "post-processors": [
    {
      "type": "manifest",
      "output": "manifest.json",
      "strip_path": true
    }
  ]
}
